name,email,address,phone,company,job
Jennifer Ellis,julie10@example.org,"725 Andre Well, Lake Jonathonborough, PW 42244",374.208.4902x14271,"Daniels, Taylor and Wilkins",Professor Emeritus
John Owens,laurieduncan@example.com,"527 Joseph Radial, Zoeshire, FM 41466",317-522-1578,Sexton Inc,Database administrator
Holly Torres,shawnlee@example.com,"71687 Williams Prairie, Burchchester, NH 77878",707-533-4577,"Howard, Fisher and Johnson","Nurse, learning disability"
Jasmin Franco,johnsonmegan@example.org,"7519 Richmond Shoal, Port Miguel, AZ 67205",835.486.7441x0450,Cooper Ltd,Sports coach
Jacob Woodward,brittney49@example.com,"270 May Row Suite 071, West Jessicaview, GU 91652",709-443-7554x08369,Mann and Sons,Pensions consultant
Elaine Brandt,adam13@example.com,"222 Michael Field, South Jason, NV 21281",289.371.3110x892,Russo Inc,Quantity surveyor
Julie Wilson,richardrhodes@example.org,"75124 Dorsey Park, Nathanieltown, CA 65097",437-337-7157x16748,Smith Group,Human resources officer
Nancy Wright,lorikennedy@example.org,"Unit 8666 Box 0230, DPO AP 38625",(697)211-9109x57798,Potter Group,Immunologist
Annette Nelson,christine23@example.com,"1791 Young Valleys Apt. 565, Bakerport, VT 40871",+1-951-318-8990,Charles Inc,"Engineer, drilling"
Taylor Turner,jennifergray@example.com,"553 Mendez Trace Suite 623, Christopherland, OK 13504",677-968-7185x280,"Ellison, Nunez and Ross",Educational psychologist
Gary Moreno,wernerpatrick@example.net,"1497 Hernandez Ville, Leebury, DE 31613",731.824.0340,"Anderson, Mann and Soto","Exhibitions officer, museum/gallery"
Rickey Carter,johnmcdonald@example.org,"380 Young Rapids Suite 988, Lake Stephanie, TX 16412",599.580.2145x673,"Rodgers, Lee and Humphrey",Medical laboratory scientific officer
Mia Reid,adamstonya@example.org,"181 John Key, West Lawrencefurt, PA 27052",9032262508,Lane-King,"Psychologist, sport and exercise"
Daniel Moran,maddoxronald@example.com,"12841 Porter Land, Lake Ryan, UT 46164",+1-854-292-0181x531,Richardson Ltd,Insurance account manager
Larry Phillips,yhodges@example.net,"5680 Gonzalez Centers, Andrewville, MP 33768",334.629.7224x290,"Taylor, Martinez and Allen","Administrator, arts"
Karen Murray,christopher12@example.com,"100 Amy Haven, Jonathanmouth, AZ 32362",516.555.6401,Krause-Chavez,Prison officer
Betty Nguyen,gomezjonathan@example.org,"5155 King Forges Apt. 888, Richardtown, SC 39193",658-312-6162,"Duran, Rich and Reid","Nurse, learning disability"
Kelly Patrick,stephanie44@example.com,"782 Jonathon Burg, North Michael, KS 40339",746-898-1350,"West, Wood and Kelley",Contractor
Barbara Herrera,cassandra28@example.com,"51313 Torres Station, Sheilachester, NE 25472",453.474.6768x323,"Carrillo, Wallace and Brown",Aid worker
Jason Wilson,joel89@example.net,"16967 Annette Terrace Suite 757, Williamsmouth, RI 13755",001-708-532-6843x87158,"Perez, Rodriguez and Booker",Training and development officer
Mark Malone,michaelhunter@example.com,"66134 Matthew Spurs Apt. 634, Hoffmanberg, ME 28892",001-403-808-4612,Ortiz-Lee,"Librarian, academic"
Holly Bailey,xbrady@example.com,"291 Willis Greens Apt. 077, West Meganborough, SC 31730",515-517-6043,Jones Group,Land/geomatics surveyor
Marc Diaz,limartha@example.net,"1593 Victor Wall Apt. 098, New Bradleyton, NY 46251",617-512-2369x462,Evans and Sons,Press sub
Nicole Macdonald,uwhite@example.com,"30558 Brock Causeway Suite 750, Pagemouth, OR 02813",902.826.1833x6720,Hanson-Kelley,Interior and spatial designer
Jeffrey Lewis,russell33@example.net,"3051 Shawn Unions, Lake Wendyfurt, MO 19587",(632)787-4569,"Mitchell, Miller and Brown",Operations geologist
Matthew Cochran,jtucker@example.net,"16400 Brandon Island Suite 834, West Davidshire, LA 37741",001-268-352-2572,Taylor Group,Information systems manager
Michael Freeman,edward18@example.net,"USCGC Rodriguez, FPO AA 37769",329-924-0388x77461,Kelly LLC,Legal secretary
Rachel Thompson,adavidson@example.org,"94617 Velasquez Mission Suite 490, Jamesbury, NM 86522",920.628.1929x534,"Chen, Hurst and Ramirez",Community pharmacist
Juan Owen,savageandrea@example.org,"2291 Davis Grove Apt. 373, East Kyle, KS 20525",762-244-6597,Gallagher-Edwards,Sports development officer
Amber Cannon,david55@example.com,"50935 May Coves, Port Zoeville, NY 89486",306.689.6245,"Reyes, Zuniga and Galloway",Naval architect
Brian Alexander,bridget01@example.org,"366 Linda Road Apt. 019, Shawnville, WA 16022",001-846-332-9149x99860,Sullivan Inc,Insurance broker
Crystal Gray,wheelermatthew@example.org,"8480 Paul Brooks, Port Molly, MT 97083",459.992.5501,Whitehead and Sons,Media buyer
Michelle Juarez,mauricebowman@example.net,"7977 Brooke Parkways, West Erikaburgh, AZ 87175",+1-739-996-8818x64915,Larson Ltd,Medical physicist
Scott Larson,johnstonsharon@example.net,"915 Banks Underpass Suite 836, Gabrielton, KS 54515",765-838-5331x003,Kelley-Espinoza,Multimedia specialist
Taylor Bates,paynejeffrey@example.com,"53542 William Freeway, Warrenmouth, IN 91031",849-818-6670,"Mercado, Brown and Navarro","Scientist, audiological"
Mrs. Laurie Craig,yjohnson@example.org,"989 Garcia Well, North Casey, AR 51674",957.484.0018x217,"Carpenter, Reynolds and Flores",Insurance account manager
Matthew Perkins,murphyanthony@example.net,"247 Angela Village, West Anthonychester, DE 90401",001-670-473-0239x801,Gray-Scott,Trade union research officer
Amanda Glass DDS,tararoberts@example.com,"PSC 8568, Box 6494, APO AP 49813",512-205-0712,Hooper and Sons,"Engineer, materials"
Tammy Miller,wardtimothy@example.com,"62037 Steve Ways Suite 955, Andreaton, MS 44129",651-495-5093x8220,"Clements, Payne and Williams",Economist
Kevin Guerrero,lstuart@example.net,"10863 Latasha Isle, Rowlandmouth, OH 72960",001-301-587-9559x97163,Richardson-Williams,"Therapist, drama"
Monique Bryant,gutierrezmark@example.net,"85962 Philip Crest, West Linda, MT 68226",+1-628-992-7965,Khan PLC,Event organiser
Paul Howard,pdominguez@example.org,"70708 Brown Expressway, Lauriestad, CA 86007",856-575-3445,"Gray, Perez and Smith","Civil engineer, contracting"
Melissa Medina,ericdunn@example.org,"5987 Schultz Haven Apt. 650, Christopherside, AK 77766",475-678-7357x646,"Gaines, Hunt and Harris",Medical technical officer
Madison Baxter,rlucas@example.net,"348 Dustin Extension, Obrienstad, MN 44820",(847)272-4868x1411,"Wall, Jacobs and Zhang",Adult nurse
David Cook,susansoto@example.net,"7670 Christian Trace, South Gregory, IA 02275",001-329-866-9327x61982,"Aguilar, Leonard and Wu",Barrister's clerk
Melissa Thomas,cramsey@example.net,"USS Brown, FPO AE 76391",001-778-799-4640x36832,Johnson-Savage,Hospital pharmacist
Katrina Smith,harrisonjessica@example.net,"005 Daugherty Motorway, Port Marcus, NM 29869",(710)388-5295x578,"Collins, Miller and Fitzpatrick",Newspaper journalist
Richard Perez,fleminglisa@example.net,"938 Wilkerson Valleys, South Luisview, MI 32949",+1-886-286-0129x0168,King-Clark,Recycling officer
Shelby Martinez,gregory04@example.com,"707 Peggy Spurs, Youngville, NV 40765",8396383189,"Swanson, Munoz and Owen",Bonds trader
Michelle Roth,colemanamanda@example.org,"675 Dougherty Overpass Apt. 608, New Erinburgh, LA 71343",515-750-8018x2012,"Porter, Reeves and Medina","Engineer, civil (consulting)"
Andrea Armstrong,caseywilliams@example.com,"37105 Whitehead Shores, West Lancefort, OR 80579",001-869-758-2229x436,"Brown, Wilson and Adams",Arts development officer
Michael Jones,anthonyclark@example.net,"778 Bishop Knoll, Daveside, NV 25571",420.635.5377,"Hill, Frank and Wilson",Environmental health practitioner
Nathan Gibson,janiceguerrero@example.org,"0281 Miller Knoll Apt. 337, Figueroafurt, LA 27894",686-493-5949x33414,"Jones, Clay and Black",Archaeologist
Maria Mckay,nancy21@example.net,"USNV Sanders, FPO AE 51801",(644)601-6684x86245,Pope-Smith,Corporate treasurer
Donna Long,adamescobar@example.net,"93773 Samantha Wall Apt. 131, Underwoodview, NE 15628",(608)252-9196x1567,Patel-Johnson,Chartered legal executive (England and Wales)
Sarah Sullivan,emorris@example.net,"4074 Turner Dam Suite 037, North Timothy, ME 38530",653-958-2369,Koch-Jensen,Magazine journalist
Michael Hampton,paceallison@example.com,"9990 Joseph Ville Apt. 859, Lake Shannon, MI 26591",001-681-524-4118x7690,"Rodriguez, Mason and Rowland",Production engineer
Amy Davis,david29@example.com,"90677 Melvin Views, West Margaretstad, PA 79578",(205)296-3733x2391,Green PLC,"Accountant, chartered management"
David Johnson,psilva@example.net,"412 Glenn Path Suite 590, Nicholasview, NJ 33015",001-326-298-1004x344,Rubio-Miller,Risk manager
Donna Patterson,taylor06@example.com,"64475 Sara Crescent, New Zacharybury, GA 85077",8956290388,Williams-Benitez,Environmental manager
Billy Brown,yburnett@example.net,"5645 Lee Road Apt. 169, Port Rebecca, NV 74069",(714)763-4766x007,Kelly PLC,Press sub
Roberto Hatfield,boydrichard@example.net,"71130 Brian Island, Katherineberg, MD 43645",001-983-763-3203x569,"Johnson, Richardson and Carter",Retail banker
John Myers,albert53@example.net,"042 Taylor Crest Suite 558, Port Meghanburgh, MO 66121",920-857-5038,"Barnes, Patrick and Schaefer",Geoscientist
Kevin Carter,yadkins@example.net,"647 Francisco Pines Apt. 344, Elizabethton, MP 56602",(883)733-1003,"Walsh, Dudley and Hubbard",Special effects artist
Andrew Vega,colson@example.net,"5725 Natalie Lake Suite 558, North Christopher, RI 58669",+1-610-735-3880x584,"Callahan, Simpson and Brown","Engineer, biomedical"
Robert Turner,kbonilla@example.org,"812 Beth Meadows, Lake Brad, FM 07882",+1-851-592-0365,"Colon, Chambers and Wallace",Interpreter
Christina Mitchell,jacksonedgar@example.com,"66979 Mendoza Throughway Apt. 778, Mendozabury, ND 50073",650-705-7718,Frye-Williams,"Designer, ceramics/pottery"
Molly Alvarez,wadecheryl@example.com,"034 Geoffrey Street, New Craigchester, CA 40985",406-909-0051x02675,"Ruiz, Gibson and Mcdaniel",Commissioning editor
Alexandra Bowen,cathy35@example.com,"78875 James Extension, Briantown, AL 08239",+1-388-348-4118x60965,"Mills, Smith and Chavez",Warden/ranger
Lawrence Brown,michael80@example.com,"3943 Graham Passage, Hallview, AL 74639",001-473-893-8678x854,"Webb, Warren and Anderson",Maintenance engineer
Timothy Reyes,hcarroll@example.com,"699 Hall Passage, Jordanmouth, MO 25931",(439)518-6773,Walters-Miller,Haematologist
Sarah Garrett,oholloway@example.net,"2954 Little Haven, Stevenport, SC 61158",458-930-9622,"Ruiz, Valdez and Fields",Herpetologist
Thomas Harding,adamsbrandon@example.org,"10670 Cox Mountain Apt. 518, New Katrina, UT 42844",+1-821-950-4804x4630,"Daniels, Cole and Ruiz",Charity officer
Shannon Spencer,jeanettelewis@example.net,"236 Carlos Greens Apt. 781, Matthewmouth, VI 51815",693.798.8685,"Fleming, Porter and Davis","Designer, ceramics/pottery"
Jessica Graham,dunnjames@example.net,"3570 Sean Island Suite 925, Whitefurt, DC 13539",950.843.5349x377,Collins-Wood,"Designer, graphic"
Daniel Carrillo,brownheather@example.net,"51566 Dixon Land, Edwardstown, PR 43728",(568)556-4897x8902,Hill Group,Clothing/textile technologist
Samuel Smith,ernestowens@example.net,"9239 Paul Village, Port Jamesview, OH 82143",683-609-1660x59182,Long-Morse,"Editor, commissioning"
Juan Rosario,lloydlaura@example.net,"7042 Dominguez Squares Suite 288, East Sean, PR 35555",(798)336-0422,Schroeder-Vargas,Chief Executive Officer
Benjamin Branch,cynthia87@example.net,"06881 Henry Overpass, Sarahburgh, TN 69016",001-680-540-3368x0708,"Thomas, Dougherty and Santos",Insurance risk surveyor
Matthew Cardenas,bryanruiz@example.net,"40709 David Street, Scottmouth, GU 95129",+1-573-268-4522,Campbell-Jackson,Professor Emeritus
Jessica Garrett,valerieaguirre@example.com,"44592 Kyle Squares, East Julianton, AK 87944",892.991.8549,Randall Ltd,"Scientist, research (medical)"
Brittany Harrison,zjensen@example.com,"168 Martinez Drive, West Kaylachester, SC 60058",(593)269-4623,"Ortiz, Hansen and Hardy",Office manager
Brenda Anderson,kimberly50@example.com,"08133 Hall Lodge Suite 239, West Elizabethburgh, IN 62356",693-361-2110x2631,"Watts, Garcia and Rodriguez",Health and safety inspector
Christopher Woods,gina78@example.net,"129 Carter Inlet Suite 739, Debbiestad, IL 13822",+1-720-390-0402x43502,"Perry, Diaz and Morgan",Archaeologist
Alicia Johnston,david71@example.com,"17321 Palmer Well, Mercadoborough, NV 37282",834-798-8869,"Shea, Charles and Rice",Publishing copy
Manuel Bullock,lee39@example.net,"42126 Michael Overpass Suite 771, North Johnathan, AK 67062",240-549-2616,"Nguyen, Mendoza and Clark","Engineer, mining"
Nicholas Hernandez,cwilliams@example.com,"PSC 7768, Box 1306, APO AA 35765",232.329.1195,Cruz-Sanford,Child psychotherapist
Tamara Jackson,tdonovan@example.org,"304 Angela Circle, Franciscohaven, OK 25904",420.308.7729x163,Nixon PLC,"Runner, broadcasting/film/video"
Charles Pierce,brewermichael@example.org,"PSC 2774, Box 1267, APO AA 76947",719-759-0587,Kim-Thornton,Broadcast engineer
Brandi Brown DVM,qvega@example.com,"3216 Mcconnell Pine Suite 962, New Candace, NM 87301",323-781-6398,King-Castillo,Structural engineer
Brittany Potter,sarahshepard@example.org,"621 Harper Plains Suite 108, New Brittany, DE 06037",745-241-1984,Quinn-Mooney,Trade mark attorney
Howard Bennett,fjimenez@example.com,"2942 Curtis Branch Apt. 458, West George, LA 94586",669-368-6133x28561,Sampson Ltd,Food technologist
David Martin,mendezmiranda@example.org,"1117 Molly Green Suite 050, Michaelview, AL 24566",952-376-5685,"Weaver, Roberts and Potter",Patent attorney
Jose Neal,samuel97@example.org,"3776 Porter Mountain Suite 568, Nicholasfurt, AK 66427",541-350-5804x5019,"Eaton, Ray and Armstrong","Horticulturist, amenity"
Lynn Wise,halescott@example.net,"PSC 8655, Box 9976, APO AE 08318",540-331-2861x1996,"Greene, Coleman and Cabrera","Engineer, materials"
James Brennan,whitecaroline@example.org,"59802 Brenda Springs Suite 290, Fullerhaven, WI 33619",903.235.5889,Calderon-Williams,Brewing technologist
Amanda Wilkins,stanleyphillips@example.com,"5476 Christopher Green Suite 798, New Elizabeth, GU 35302",001-428-659-1751,"Reed, Young and Jones",Homeopath
Erin Ramos,tbaker@example.com,"790 Linda Centers Suite 909, Carterberg, NJ 60567",(570)913-7612,Dennis Group,Human resources officer
David Duke,williamgay@example.com,"8789 Anna Flat, Jenniferstad, ND 09615",+1-393-322-2302,"Peterson, Myers and Tran","Buyer, industrial"
Barbara Gallegos DDS,smithjennifer@example.org,"181 Amanda Plaza Suite 138, South Gary, PR 70508",862-291-8612x445,Cook-Phillips,Food technologist
Monica Smith,joe38@example.net,"49111 Mendoza Mission, Payneburgh, SD 06103",647-686-0096x847,Pena Inc,Ranger/warden
Dr. Anna Wilson MD,monroemicheal@example.net,"154 Roberts Brook, Waltonburgh, DC 24351",393.364.3714x1251,Green Ltd,Interior and spatial designer
Amanda Sheppard,elizabethcooke@example.net,"716 Harris Lodge Apt. 034, Port Sharonberg, DC 83292",453.849.9368x0407,Houston Group,"Scientist, audiological"
Renee Scott,alvaradodebra@example.net,"23323 Cox Inlet, New Andreborough, MN 39738",(772)796-5625,Zimmerman Ltd,"Teacher, secondary school"
Austin Thompson,andreasummers@example.org,"296 Campbell Villages Suite 927, Murphyburgh, ND 32989",(556)697-0603x318,Johnson-Dixon,Environmental consultant
Lauren Hoffman,steeleryan@example.net,"627 Harper Manor, Alisonside, SC 96332",(662)865-3456x38624,Hernandez Group,Clinical embryologist
Robert Salas,lblack@example.org,"87983 Shannon Court Apt. 395, Crawfordstad, DC 82864",575-528-5977x035,"Graham, Anderson and Armstrong",Medical secretary
Jordan Miller,rushcynthia@example.com,"1949 Christine Shore, North Glenn, CT 28266",001-521-691-9781x761,"Snyder, White and Lin",Animator
Lisa Peterson,swalker@example.org,"95806 Jose Glens Suite 987, Port Rhondafurt, OH 27297",386.336.1328,Conway-Perez,Environmental consultant
Lawrence Montgomery,matthew48@example.net,"63551 Miller Groves Apt. 684, Lake Lindseyview, PW 13685",(428)725-6336x048,Clark-Rose,Air cabin crew
Faith Roberts,lsanders@example.com,"87835 Michelle Shoals Apt. 926, New Feliciaburgh, PA 42309",001-840-904-0096x5515,Johnson Inc,Animator
Nicholas Shannon,wdavis@example.com,"00019 Robert Ridge, Jonathanberg, KS 53779",+1-299-446-8089x738,Newton Group,Community pharmacist
Austin Jenkins,lisa34@example.org,"7898 Paul Dam Suite 181, New Nicolefurt, DE 63929",914.756.6756x901,"Anderson, Fitzpatrick and Montes",Location manager
Amanda Malone,joshuabailey@example.org,"7380 Taylor Mountain, Port Daniel, PW 45559",001-565-392-4733,Foley-Wong,Illustrator
Paul Sutton,goodwinmichael@example.org,"90815 Alisha Forest, Livingstonton, HI 64157",001-922-781-6962x25250,Mendoza Inc,"Administrator, Civil Service"
Robin Johnson,paulgonzalez@example.net,"692 Amanda Ridge, North David, GA 12094",537-437-9144,Patterson-Powell,Maintenance engineer
Lindsay Gates,frostbrianna@example.com,"5219 Phillips Landing, Stephaniefort, NJ 85528",(648)897-4930,Richardson-Martinez,Marine scientist
Denise Henson,stacygolden@example.com,"26071 Tammie Pine Apt. 271, Lake Paul, IA 77122",393-513-0027x59140,"Henderson, Lucas and Jones",Production engineer
Brian Valenzuela,lauramorris@example.org,"001 Jackson Stream Apt. 278, Craigmouth, WY 21759",257-220-8235x04079,Clark Inc,"Engineer, mining"
Jimmy Armstrong,ywarren@example.net,"3392 Stephen Way Apt. 008, North Thomas, NM 49276",(518)920-5006x69035,"Wilson, Benitez and James",Clinical research associate
Joseph Payne,aaron73@example.net,"2058 Jackson Plaza, North Jamesport, NC 08562",(815)919-9728,Santos and Sons,Chartered legal executive (England and Wales)
Tracy Lowe,icarter@example.net,"37568 Chelsea Brooks Apt. 877, Gardnerberg, IN 07122",(986)241-6215,Graham LLC,Financial controller
Brian Garcia,jimsanchez@example.com,"7171 Jennifer Islands, Sandovalton, VA 75845",942-653-9499x54347,Hall-Smith,"Producer, radio"
Edward Williams,ffields@example.net,"2509 Marcus Garden, Cohenchester, NV 88988",+1-749-264-7690x0088,"Burton, Taylor and Delacruz",Audiological scientist
Brenda Byrd,emartin@example.net,"50692 Ellen Station, Thompsonville, DE 38119",+1-576-816-4251x620,"Gilmore, Conrad and Mcdonald","Scientist, biomedical"
Richard Lang,baldwinkelsey@example.org,"0396 Baird Centers Apt. 985, Chaneymouth, NC 77568",(237)565-0694x35579,Scott-Leonard,Careers adviser
Angela Nichols,jeffreyhill@example.com,"0146 Vincent Ports Suite 728, New Matthewborough, WV 74644",603.791.2023,Mcintyre Inc,"Engineer, maintenance (IT)"
Jordan Hill,janetjones@example.com,"6652 Armstrong Viaduct Suite 103, Brentland, DE 32408",235-467-8678x92343,Garcia LLC,Records manager
Kari Kelly,elizabeth27@example.net,"391 Tammy Squares Apt. 385, Kingberg, TN 10842",001-705-945-5866,Owen PLC,"Nurse, adult"
Melissa Gordon,trodriguez@example.org,"24893 Foley Fords Apt. 444, North Mary, NH 18033",+1-725-962-2027x1118,"Gonzales, Peterson and Jackson","Nurse, mental health"
Patricia Ward,tonya13@example.net,"Unit 5453 Box 3356, DPO AP 69675",+1-832-395-6093x50478,"Martin, Sanchez and Humphrey",Medical laboratory scientific officer
Susan Ayala,tbrown@example.net,"94541 Newton Garden, Sarahmouth, CO 64878",579.934.3854x22405,Johnson and Sons,Estate manager/land agent
Douglas Mitchell,connerdaniel@example.net,"2816 Tran Unions Apt. 528, East Tyler, CA 42670",+1-781-804-5746x024,"Perez, Martinez and Martinez",Colour technologist
Anthony Stanley,whiteheadbrianna@example.com,"86140 Kimberly Extensions, Natalieberg, MS 94762",+1-326-610-1168x09306,Gamble-Patterson,Marketing executive
Linda Park,erin94@example.com,"PSC 9571, Box 3525, APO AE 24665",(538)413-5900x5167,"Nash, Carroll and Turner",Land/geomatics surveyor
Eric Knight,dyoder@example.net,"091 Sarah Via Suite 089, Adamhaven, CT 79471",343-541-9440,Solis LLC,"Designer, jewellery"
Christopher Thompson,robert29@example.com,"7451 Scott Motorway Apt. 592, Clintonstad, RI 21146",(248)832-3672x860,"Ryan, Lucas and Hutchinson",Research scientist (maths)
Taylor Murphy,josephcasey@example.net,"97254 Tiffany Canyon, Port Donaldborough, MN 02729",895.835.1158x4957,"Stanton, Craig and Walton","Designer, furniture"
Richard Kennedy,sheenamartinez@example.net,"043 Scott Rest Suite 899, West Jenna, OH 83006",865.480.0739x81505,Hodges-Hughes,Counselling psychologist
Yvonne Howard,williamstanley@example.com,"23261 Jason Loaf Suite 375, Gilberttown, OR 34891",945-316-2375x64516,"Lopez, Gill and Trevino","Administrator, education"
Joshua Humphrey,lchandler@example.org,"53563 Charles Port Apt. 140, Lake Austintown, CT 96054",(848)396-6165x4344,Gonzalez LLC,"Surveyor, hydrographic"
James Shields,eross@example.net,"7586 Kerry Freeway, East Steventown, NH 01773",001-460-236-6773x3569,"Stewart, Russell and Clark",Race relations officer
Cindy Kidd PhD,buckleydavid@example.net,"22781 Anderson Courts, South Jessicachester, OK 04585",+1-742-801-9142x66279,"Hernandez, Black and Beasley",Therapeutic radiographer
Amy Williams,ccox@example.org,"03897 Nicole Wall, South Brendafurt, AL 58908",6773112010,"Gonzales, Flowers and Hunter",IT technical support officer
Michael Robinson,eking@example.net,"10561 Phillips Crest, South Jameschester, ND 20049",001-662-917-5886x8937,"Gutierrez, Murray and Hernandez",Dispensing optician
Carla Cochran,angela45@example.net,"USNV Zamora, FPO AE 43477",+1-388-624-1486,Wilkins Ltd,Quality manager
Mr. Richard Kemp,ronald68@example.net,"809 Michael Glens Apt. 448, Donnaton, FM 17775",2743579081,Alexander Ltd,Naval architect
John Mata,kevinrodriguez@example.com,"26529 Lee Courts, North Derek, WY 43814",(704)706-6731,"Miller, Clark and Fernandez",Newspaper journalist
Sarah Miller,mpadilla@example.com,"784 George Station, Port Davidfurt, KY 46601",(571)983-5153x04287,Benson-Hahn,"Conservator, museum/gallery"
Erin Ford,cesarjenkins@example.org,"128 Vargas Pass, North Michaelshire, ME 31999",4703439449,"Moore, Chen and Kane",Geoscientist
James Davila,fcrawford@example.org,"13730 Torres Trail, Franciscoville, NH 66459",3615757190,Hudson Ltd,Equality and diversity officer
Erin Fleming,edwardbell@example.net,"257 Robert Skyway Suite 540, Port Saraside, NC 94978",001-610-299-9117x490,Powers-Nichols,Transport planner
Melissa Aguirre MD,nicholasmercer@example.com,"59596 Thomas Dale, New Jillianborough, CO 64757",6613638069,"Jones, Dillon and Olson","Accountant, chartered public finance"
Daniel Montoya,elong@example.org,"603 John Port Suite 975, Taylorport, AR 51837",+1-732-795-7556x3935,Fox and Sons,"Administrator, sports"
Kenneth Kirk,waynefisher@example.net,"81318 Ryan Islands Suite 226, Anaburgh, UT 03809",295-464-4004,"Dunn, Pierce and Murray",Farm manager
Marcia Guzman,sthompson@example.com,"88088 Sherri Motorway Apt. 598, North Sydney, WA 85620",(618)393-2012,Taylor and Sons,Artist
Richard King,rhumphrey@example.org,"PSC 6718, Box 6603, APO AE 77317",001-809-413-6103,"Harris, Maxwell and Blake",Information systems manager
Jeremy Lawson,hstone@example.net,"383 Johnson Bridge Suite 300, Ericside, SC 57921",664.280.6853x742,"Cole, Richards and Parks",Exercise physiologist
Charles Downs,greg16@example.org,"15093 Kristina Squares Suite 093, South Bruceburgh, MT 93842",978.898.3039x752,Stephenson-Vance,Structural engineer
Andrew Randolph,stevenbenitez@example.org,"9731 Davis Lake, Elizabethchester, MO 18955",502.412.3537,Wright-Cunningham,"Engineer, communications"
Shane Beard,xbruce@example.com,"9053 Patterson Plain Suite 334, Lawrenceton, IN 11731",829-550-4219x34181,Mccullough-Phillips,Broadcast journalist
Julie Gonzalez,jonescatherine@example.net,"6366 Jennings Mountain Apt. 469, Johnsonborough, DE 09757",450.758.2680,Boyd Group,Dispensing optician
Jacob Romero,jenniferlong@example.net,"Unit 8985 Box 6908, DPO AE 32286",+1-438-209-3550x84030,Snow-Small,Homeopath
Kristina Franco,joseph03@example.net,"7983 Judy Walks Suite 679, Brittanytown, LA 44530",472.487.2810,Kennedy LLC,Mental health nurse
Caitlin Gonzales,betty49@example.org,"56911 Timothy Prairie Suite 690, West Brookeburgh, LA 82046",001-406-646-0037,"Green, Jones and Henderson",Astronomer
Timothy Pineda,nelsonerika@example.com,"71163 Anderson Drive Suite 462, Lake Cameronview, NH 01830",670-809-6588,Shields-Griffin,Financial manager
Alexis Johns,deborah94@example.org,"5281 Theresa Turnpike Suite 846, West Mark, MT 65739",834.379.9269,Medina LLC,"Administrator, Civil Service"
Bryan Obrien,wagnerthomas@example.org,"Unit 3104 Box 9851, DPO AA 78524",001-512-252-0536x322,"Webb, Byrd and Robinson","Surveyor, building control"
Jennifer Smith,sneal@example.org,"0503 Denise Parkways Apt. 206, North Katelynburgh, GA 90270",001-525-770-2719x8517,Allen Inc,Sports administrator
Kristen Kelly,carriefuller@example.net,"32132 Rachel Corners, New Lisa, WA 98673",+1-646-999-1570,Stephens-Shepard,Personal assistant
Gina Robinson,johnsonjared@example.net,"01726 Ward Keys, Lake Nicolehaven, CT 30281",001-325-256-1303x37777,"Johnson, Dunn and Jones","Civil engineer, consulting"
Richard Rodriguez,qmitchell@example.com,"1220 Rogers Dale, Port Jared, PW 34303",(803)880-3364x9676,Jackson LLC,Water engineer
Traci Alexander,codyvalencia@example.org,"320 Butler Inlet, East Laurenview, AK 08071",+1-504-575-7748x10057,Howard-Lewis,Professor Emeritus
Zachary Lopez,tamara69@example.com,"50746 White Track, Dawnside, IL 88536",4837565486,Hernandez-Henry,"Psychologist, occupational"
Roger Cain,ferrelldavid@example.net,"927 Crawford Ways, Colemanville, KS 13785",382-258-7072,Anderson and Sons,Engineering geologist
Sergio Taylor PhD,tmoran@example.net,"USCGC Scott, FPO AP 58186",(399)955-8964,Thomas Ltd,"Education officer, community"
Lisa Sawyer,rparker@example.com,"93816 Barr Forge Suite 509, South Brianborough, SC 56928",(559)781-5470x4977,Gray and Sons,Race relations officer
Laura Young,colleenrobertson@example.org,"19245 Walker Common, New Catherineview, SC 39889",998.989.2342,Conrad LLC,"Buyer, retail"
Anna Lee,susan03@example.org,"8242 Melanie Mills Suite 031, Wrightshire, SD 77885",486-722-6432x9558,Sanchez-Davis,Production manager
Brandon Alexander,lhodges@example.org,"7585 Robert Fork Suite 723, North Martintown, TN 89751",(782)768-6199,Randall LLC,Commercial horticulturist
Joseph Scott,woodwardangela@example.com,"0382 Hernandez Rapids Apt. 593, Thomasmouth, TN 54675",779-900-6124,"Turner, Anderson and Barr",Insurance underwriter
Bryan Hayden,trevor48@example.net,"PSC 9570, Box 8712, APO AP 04222",(377)498-6147,Mason and Sons,"Engineer, energy"
Jacqueline Russell,brooksmelissa@example.com,"111 Russell Forges, Lake Zacharyview, GA 04474",728-625-5255,Levine PLC,Personnel officer
Alexander Mccarthy,perezjohn@example.com,"8198 Lara Union, Allenville, TX 20726",001-399-351-6975x606,George-Rodriguez,Actor
Tammy Reilly,charles92@example.org,"USNV Burton, FPO AP 33696",(730)823-1488x794,Jordan-Fox,Government social research officer
Andrew Reilly,bhernandez@example.com,"4812 Lisa Turnpike, Port Samuelland, OK 48546",4978163318,"Hensley, Holt and Elliott","Teacher, adult education"
Eric Brooks,edward99@example.com,"1618 Autumn Hill Suite 015, Christinachester, NY 73632",+1-780-225-7642x44262,Diaz-Brown,Energy engineer
Ruben Neal,john26@example.net,"6061 Smith Common Apt. 173, Matthewton, MP 54822",339-332-4963x997,"Nguyen, Miller and Best","Nurse, mental health"
Alan Ross,jeffrey61@example.com,"65129 Linda Unions Apt. 217, Lopezchester, IA 25405",(889)837-6104x1532,Reyes Inc,"Surveyor, land/geomatics"
Dwayne Jimenez,jaredmoore@example.org,"378 Lee Parkway, East Jefferyburgh, NJ 61753",+1-327-826-4918x50429,Martin-Gonzalez,Forest/woodland manager
Elizabeth Potter,sarahcurry@example.net,"53086 Caroline Freeway, Lake Sharon, MT 00826",001-384-349-0580x7598,"Hill, Glenn and Murphy",Product/process development scientist
Oscar Kennedy,christine71@example.net,"0772 Meghan Ports Apt. 933, West Joshua, GU 56461",6858493631,Howell-Williams,Accommodation manager
Christopher Williams,mendozadanny@example.net,"77512 Daniel Turnpike, Smithburgh, WY 03690",8757716423,"Murray, Warren and Hoffman","Designer, fashion/clothing"
Samantha Watson,perezjohn@example.net,"Unit 7092 Box 5741, DPO AA 29527",(245)924-2145,"Rodriguez, Nguyen and Clarke",Comptroller
Kevin Barr,webbolivia@example.org,"80290 Haley Lock Suite 825, Campbellstad, NM 97540",232-768-3142x63879,Maldonado-Hayden,Research scientist (life sciences)
Jessica Ramos,jesse01@example.com,"4307 Natalie Keys, Port Gina, CO 07520",510.982.4010,Rice Group,Operational researcher
Scott Lopez,julia22@example.org,"88684 Amber Orchard, Lake Kelli, TX 19658",(400)587-2564x214,Ford Group,Radiation protection practitioner
Cindy Howe,tylerwalker@example.com,"69963 Melinda Place, Davidfurt, MI 50422",(665)992-2125x36268,Howell Group,Firefighter
Anne Levine,fholmes@example.org,"8016 Matthew Rapid Apt. 613, New Kathryn, NM 02452",(439)468-2494x077,"Nelson, Johnson and Delacruz",Financial controller
Alexander Anderson,zreyes@example.com,"720 Heidi Harbor, Sharonville, HI 21715",001-820-263-6792x8378,"Wright, Jackson and Alvarado","Psychologist, educational"
Elizabeth Donovan,ernest48@example.net,"030 Campbell Burg Suite 444, New Susan, LA 87666",8276086948,Kelly-Romero,Analytical chemist
Jessica Collins,lfowler@example.org,"500 Harris Mount Suite 982, Danielmouth, MI 66052",+1-233-304-5624,Lindsey-Gonzalez,Maintenance engineer
David Cox,jflowers@example.org,"89489 Lyons Pass, Lake Jennifer, HI 41592",664.271.3665x111,Smith Group,Fisheries officer
Luke Jacobs,wstewart@example.com,"Unit 4162 Box 4693, DPO AA 25921",(204)211-5026,Watson-Anderson,Air broker
Darren Hines,christopherlynch@example.org,"6935 Vaughan Estate, Port Abigailchester, MN 93862",695.980.4347x8086,Bryant-Payne,Diplomatic Services operational officer
Kimberly Hawkins,richstacy@example.net,"308 Steven Plains, Andersonmouth, PW 85773",+1-515-978-7248x9044,Gutierrez-Vincent,Human resources officer
Sean Salazar,newmanjessica@example.org,"231 Hansen Brook, East Devinfort, HI 92452",+1-983-919-7435x01503,White-Fuentes,Airline pilot
Robert Harris,marie10@example.org,"78306 Jennifer Cape, West Jeffrey, FL 04812",001-759-800-0710x633,"Lam, Watkins and Brown","Editor, commissioning"
Patrick Mack,austinjonathan@example.net,"Unit 7687 Box 5432, DPO AE 12776",001-837-612-6735,"Sampson, Pace and Gibson",Insurance risk surveyor
Taylor Irwin,claytonhall@example.org,"22190 Blake Forge, Port Heathermouth, VA 18418",210-283-7214,Craig Ltd,Dentist
Matthew Taylor,ballkatie@example.org,"801 Combs Centers, West Juliefort, ME 43578",+1-342-364-7700x100,Miller Group,Insurance broker
Natalie Arnold,wjones@example.com,"Unit 1881 Box 3333, DPO AP 43732",+1-927-254-7950x833,Benton-Smith,Clinical psychologist
Caitlyn Kirby,santiagojeffrey@example.net,"44797 Gonzales Fields Apt. 980, Thomasberg, ND 63119",+1-999-982-7902x14436,Dixon Inc,Television production assistant
Jeremy Prince,hhutchinson@example.com,"42014 Amanda Forks Suite 468, Reynoldsview, LA 62068",529-206-1709,"Chapman, Perez and Stark","Engineer, maintenance (IT)"
Samantha Hunt,garciamichael@example.com,"161 Frazier Course Suite 347, West Paulstad, VA 87887",001-423-532-6875x494,"Taylor, Blanchard and Salazar",Volunteer coordinator
Kyle Osborne,stephanie62@example.com,"595 Michelle Crest Suite 547, North Gwendolyntown, MO 70174",392-308-1118,"Anderson, Garcia and Davis",Office manager
Susan Smith,nperkins@example.com,"5646 Chandler Mountains Suite 941, West Tonyaland, SD 34923",929-533-2759x848,"Cummings, Jones and Smith",Event organiser
Lindsay Thomas,wintersjennifer@example.com,"2784 Cherry Prairie Apt. 123, East Brianmouth, VI 38139",+1-482-679-6862x203,Thompson-Thompson,Bookseller
Matthew Carr,xhumphrey@example.com,"03563 Julie Path Suite 937, Michaelborough, AK 58559",(557)821-1736,Rios-Oneal,Health and safety adviser
Denise Lang,sydneywebb@example.net,"USNS Barnes, FPO AA 48579",5899584902,Randall Group,Insurance underwriter
James Stevenson MD,bakerstephen@example.org,"41103 Sherry Corner, Wolfburgh, MI 50525",992-353-5879x07629,Richard and Sons,Clinical cytogeneticist
William Ford,grahamallison@example.net,"7224 Jackson Place, South George, LA 96737",(659)569-9926x21101,"Alexander, Hill and Griffin","Teacher, special educational needs"
Angela Powers,robertmccann@example.com,"9906 Sarah Manors Suite 757, Anneburgh, VT 99373",754-479-7869,"Vasquez, Romero and Nicholson",Data processing manager
Jason Graves,xspencer@example.org,"20127 Hensley Gardens Suite 953, Maryside, NC 42308",242.274.0693x763,Diaz-Hall,Control and instrumentation engineer
David Mack,william67@example.org,"Unit 0695 Box 0966, DPO AE 33464",300-315-9890x0221,Adams-Everett,Fisheries officer
Michael Weaver,umcdonald@example.com,"79008 Nelson Extension, New Kristopherside, UT 20643",+1-668-998-4737x00929,Stuart-Adkins,"Scientist, water quality"
Paula Johnson,austindiaz@example.net,"9459 George Highway, Maloneville, ID 85771",251.326.4382x859,Villanueva-Richardson,Child psychotherapist
Alan Clark,robin28@example.org,"587 Carter Grove, Deantown, ID 53825",940-886-5678,Johnson-Stanley,Fashion designer
Rebecca Wilkinson,gmitchell@example.net,"0574 Robinson Key, New Robert, HI 78269",(594)560-1915x8434,"Payne, Ingram and Stevens",Psychiatrist
Amy Gutierrez,jessica14@example.net,"728 Bennett Streets Apt. 286, East Timothymouth, RI 17293",622-458-3515x8779,"Davis, Ryan and Church",Operational investment banker
Adam Mccarthy,charlesyork@example.org,"Unit 7798 Box 4600, DPO AA 97294",711-725-6009x77104,Ferguson-Martinez,"Therapist, art"
Nicholas Hahn MD,xball@example.org,"23875 Cherry Stream Apt. 206, West Amandaburgh, GU 36071",518-294-7244x851,"Cohen, Wright and Chen",Public relations officer
Haley Arellano,jamesclarke@example.net,"PSC 7207, Box 8546, APO AE 93913",001-490-732-3465,"Cain, Hammond and Allison",Oncologist
Ashley Porter,jennifermills@example.com,"PSC 3021, Box 0399, APO AA 46656",809.453.3536,Melendez Group,Community pharmacist
Douglas Dougherty,ujackson@example.com,"5771 Hill Crescent Suite 927, Miaburgh, WI 41946",(329)819-8748,Cantu Group,Patent attorney
Wesley Clayton,bjones@example.org,"75223 Scott Ridge Apt. 833, North Valerie, DC 26703",417.511.5891x992,"Fowler, Davis and Mason",Speech and language therapist
Christopher Lewis,hthornton@example.org,"573 Woods Pass, Lake Bobbyshire, OR 95232",+1-438-479-8206x833,Carr-Ray,Social worker
Anthony Roberson,huangbridget@example.com,"419 Taylor Squares Apt. 908, Joneston, WY 32741",792.612.8965x2867,Blevins-Morrison,Historic buildings inspector/conservation officer
Colton Ford,fordveronica@example.com,"1662 Contreras Club Apt. 530, Angelville, NV 93584",(901)359-0022,"Bell, Valenzuela and Underwood",Market researcher
Chloe Haynes,amanda69@example.org,"40016 Le Tunnel, Booneborough, KY 32270",442.939.8809,Kirk-Jenkins,"Runner, broadcasting/film/video"
Connor Moore,ashley92@example.net,"Unit 8705 Box 6444, DPO AP 08204",7767348663,Mason PLC,Radio broadcast assistant
Shelly Lambert,fullerrandall@example.com,"68661 Charles Circles Apt. 808, Lewisside, MH 62876",(812)697-9227x70115,"Trujillo, Lawrence and Odonnell",Quality manager
Sarah Anderson,awhite@example.net,"380 Tanner Track, Brooksport, MA 30446",402-303-4362x1868,Dawson PLC,"Surveyor, quantity"
Mrs. Tiffany Ross,fdurham@example.com,"84696 Michelle Square Apt. 905, South Paula, MI 89722",(780)688-5164,Barker Ltd,"Designer, ceramics/pottery"
Jeremy Lynch,melissajohns@example.org,"599 Rodney Underpass, Johnsonchester, OK 08136",942-311-9788x05726,"Castillo, Andersen and Chaney",Marketing executive
Stephanie Wright,samantharice@example.com,"Unit 2752 Box 7224, DPO AP 63002",+1-561-750-7404,Melton-Myers,Music tutor
Dustin Sanchez,vwalker@example.com,"56678 Robert Landing, East Allison, VI 92566",+1-880-892-9883x344,Hale PLC,Advertising art director
Gary Mack,ashley62@example.net,"01738 Davis Fords Suite 567, West Austintown, MD 70433",332.288.1731x6990,"Brown, Williams and Vaughn",Air cabin crew
Samantha Zimmerman,jodi35@example.org,"PSC 2362, Box 3506, APO AE 06121",001-404-247-9691x472,Duran-Ward,"Scientist, biomedical"
Jessica Reynolds,torresjasmine@example.com,"Unit 4176 Box 0640, DPO AA 73924",476-378-8888x323,"Morris, Collier and Blankenship",Physiotherapist
Megan Dominguez,thuff@example.com,"849 Tracy Inlet Suite 601, Samuelburgh, MH 05414",454.340.3973,Reid PLC,"Therapist, music"
Natalie Gamble,amber27@example.org,"1512 Suzanne Rapid, East James, WY 16066",001-687-948-2586x6942,"Gilbert, Vincent and Brown",Ophthalmologist
Jack Anderson,rachel62@example.net,"1365 Joshua Points, Lake Robertshire, UT 76040",001-935-935-4356x44348,Perkins-Levine,"Exhibitions officer, museum/gallery"
Robert Henderson,jay72@example.net,"6851 Reyes Club Apt. 265, Richardtown, MD 24800",+1-587-424-5455x03883,"Bolton, Reyes and Harvey","Administrator, education"
Elizabeth Frank,justin10@example.net,"Unit 5740 Box 8656, DPO AP 36988",(525)924-3285x3954,Riley Group,"Editor, magazine features"
Shannon Park,gcole@example.com,"104 Morris Vista, Campbellmouth, AR 02700",(772)463-0210x954,"Gibson, Black and Taylor",Tax adviser
Miguel Sanders,hollandalexandra@example.net,"3778 Sandoval Manors, East Pamelafort, SD 74261",4885778031,Wong Inc,Cytogeneticist
Donald Lawrence,waltersjennifer@example.org,"61409 Toni Isle Apt. 218, Andrewbury, AS 12888",604-646-7175,"Nelson, Anderson and Gould","Administrator, local government"
Jacob Simpson,phillipgibson@example.com,"PSC 6084, Box 4576, APO AE 03700",684-688-0541,"Romero, Diaz and Wright",Warden/ranger
Jason Drake,brandonflores@example.net,"362 Chavez Bypass, Donnaburgh, MP 14772",+1-673-297-2372,"Martinez, Ewing and Ford","Scientist, water quality"
Tyler Lowery,ufitzgerald@example.com,"52932 Alyssa Run Apt. 717, South Adamchester, VT 81793",289.388.7296x981,Bond Ltd,"Exhibitions officer, museum/gallery"
Andrew Harrison,hannahcook@example.org,"887 Brown Station, Barrton, PA 53904",3265298893,"Harvey, Gonzalez and Campos","Geologist, wellsite"
Scott Bowman,michael76@example.org,"2492 Andrew Throughway, Brendaland, NC 53551",543.622.7558,"Little, Garcia and Zimmerman","Engineer, site"
Donald Mcclure,qbowen@example.com,"4269 Dylan Mountains Apt. 692, Port Henrytown, PA 15847",+1-246-553-0589x74179,Moore-Wallace,Art gallery manager
Chris Williams,hsmith@example.org,"37275 Megan Field, New Markville, NV 36703",(396)241-1338x3414,Russell-Hall,Editorial assistant
Chris Gould PhD,ethornton@example.net,"5198 Gary Extension, Molinaville, OR 00645",001-410-596-6200,Powers and Sons,"Development worker, international aid"
Tiffany Johnston,vross@example.net,"5449 Michelle Forest Suite 734, Port Stephaniestad, WA 13026",421-793-8460x09122,"Rios, Holland and Cooper",Insurance risk surveyor
Douglas Knight,ericmeadows@example.net,"36118 Brittney Drives Suite 534, Rachelview, WY 24520",419-243-6029,Anderson-Bolton,Meteorologist
Tammy Wiggins,vbrown@example.com,"02320 Parks Walks Apt. 888, Kerrhaven, DE 66159",001-693-485-5395x2756,Carey Inc,Human resources officer
Brandon Young,fnelson@example.org,"517 Kristen Vista Apt. 841, Harrisburgh, ID 62175",001-873-391-2406x7473,Stein-Martin,Barista
Derrick Mason,williecastillo@example.com,"65373 Walker Streets, Ashleyport, SD 70171",604-388-9030,Davis-Gutierrez,"Teacher, adult education"
Janice Daniels,crystalwong@example.com,"854 Tyler Stravenue Suite 251, West Aaron, FL 94457",(228)868-9545x19094,"Dyer, Carter and Schneider",Sports therapist
David Guerrero,mary44@example.org,"385 Lori Station, Port Judy, DC 19042",(865)757-6949x517,Matthews-Bailey,Geophysicist/field seismologist
Christopher Perry,plowery@example.com,"764 William Overpass, Levinebury, PW 52669",+1-315-480-7422x39898,"Collier, Gomez and Ray","Engineer, petroleum"
Nathaniel Montes,spencerjamie@example.org,"434 Larson Parks Suite 757, Lake Mary, MH 79624",(351)318-0975,Lucas-Cunningham,Regulatory affairs officer
Tonya Young,michael15@example.net,"08379 Richard Crescent, Brianside, IL 16846",7718847001,Hayes-Collier,"Scientist, marine"
David Garcia,melissagomez@example.org,"961 Mercer Common, Greggport, IA 02105",419-435-5737,Johnson-Church,Financial risk analyst
Chelsea Stewart,henrywilliam@example.org,"06681 Timothy Bypass, Williamsonside, AK 97156",674-374-1410,Sandoval-Salazar,Drilling engineer
Emily Simon,dunnashlee@example.com,"76286 Brian Corners Apt. 564, Fordmouth, NY 12123",527-829-5146,Mcdowell-Rodgers,"Optician, dispensing"
Mr. Ryan Williams DVM,mfleming@example.org,"5245 Kaylee Manor, Thomasville, CT 26340",209.217.0394,"Holland, Maldonado and Hobbs",Police officer
Bradley Taylor,nancy32@example.com,"05095 Wong Expressway Suite 713, Lake Julia, UT 01869",450-796-2279x81117,Little-Zamora,Visual merchandiser
Justin Adams,tiffany61@example.net,"6783 Daniel Squares Apt. 192, Heathershire, MN 23755",(467)746-1168,Peck Ltd,Occupational hygienist
Thomas Schmidt,calvinpatton@example.org,"9838 Brandt Parks Suite 838, Lake Eric, VT 64843",454-622-0724x479,Arellano and Sons,Private music teacher
Deborah Jones,jonathontucker@example.com,"88681 James Crossroad Suite 034, Lopezland, SC 88695",+1-659-860-4002x8625,Whitney and Sons,"Accountant, chartered public finance"
Douglas Smith,campbellthomas@example.net,"934 Nicholas Tunnel, West Samantha, MH 91200",9823750979,Johnson and Sons,Exercise physiologist
Barbara Hernandez,joshuatran@example.com,"937 Alexander Springs, Lindahaven, AL 74574",+1-787-484-1286x90749,Weaver-Scott,Licensed conveyancer
Taylor Anderson,manuel89@example.org,"2022 Bailey Park, Joshuatown, WV 69918",+1-288-456-0110,Morris-Lucas,Ship broker
Debra Gibson,mary13@example.org,"42465 Fuller Pike, South Deanside, CO 67206",512-963-0214,Kelley-Morgan,Make
Susan Bernard,phillip75@example.net,"546 Daniels Squares Suite 335, North Kerry, CT 58536",8509363747,Wilkerson and Sons,"Psychologist, forensic"
Matthew Marshall,debramorris@example.net,"5438 Darren Turnpike, Joshuabury, NH 79708",+1-831-278-2505x2160,"Adams, Mercer and French",Web designer
Mrs. Monica Meyers,robinsonjessica@example.net,"57257 Ferrell Pine Suite 932, Wallaceport, MN 87222",806.974.7804x2785,Jackson-Bennett,International aid/development worker
Richard Sullivan,tmcclain@example.com,"07001 Leonard Square Suite 308, New Kennethhaven, CT 65553",001-737-571-6353x549,"Alexander, Shaw and Jackson",Technical author
Kenneth Adams,smiller@example.net,"779 Peterson Lake, North Ashley, PW 12737",+1-553-956-1336,Thornton-Armstrong,Copy
Mary Wise,mholden@example.org,"PSC 3883, Box 4669, APO AE 77320",307.435.6278,Douglas PLC,"Administrator, charities/voluntary organisations"
Mark Williams,simonariel@example.org,"5498 Bennett Ways Suite 721, Veronicaburgh, ID 63708",(988)808-4073,"Gordon, Wright and Dougherty",Chartered management accountant
Shawn Horn,christopherjohnson@example.org,"Unit 7673 Box 2880, DPO AE 22669",+1-509-843-0464,Montgomery Ltd,Risk analyst
Denise Foley,lanelydia@example.com,"04951 Angela Ports, West Rose, VT 96506",001-975-211-8003x0819,Lopez PLC,Event organiser
Christopher Allen,williamssara@example.com,"12294 Lance Parkway, New Michael, WV 88854",970.600.2462x84650,Moreno-Anderson,Health physicist
Nathan Lee,lisamartinez@example.net,"5370 Mark Common Apt. 084, Smithchester, RI 50969",682-300-0148x176,Camacho-Paul,Technical brewer
David Griffin,brooke13@example.org,"0951 Peter Cliff Apt. 189, Lake Marcusport, AZ 35684",001-739-963-7467x6372,Robinson Ltd,Chiropractor
Benjamin Tucker,ntaylor@example.org,"753 Kirk Fall, New Kennethstad, AR 10707",728.609.5432x731,Green-Hawkins,"Education officer, environmental"
Amanda Torres,walkernicole@example.org,"380 Karen Plain Suite 090, Landrymouth, FL 65388",+1-258-846-3543,"Robinson, Dominguez and Herrera",Advertising account executive
Stephanie Jones,zachary00@example.org,"05488 Vasquez Island, West Marcburgh, RI 81867",(336)907-7698x077,"Jackson, Jackson and Simpson","Engineer, electronics"
Richard Stephenson,mary83@example.com,"373 Fisher Lodge, Reidfurt, AS 68314",4804070996,Reyes-Harris,Logistics and distribution manager
Renee Vaughn,gonzalezrobert@example.org,"849 Amber Island Apt. 548, Lake Mariaside, CO 96085",399.364.3854x23398,Rodriguez-Brown,Risk manager
Stephanie Lane,zacharysmith@example.org,"6002 Katherine Falls, Lake Kyle, PA 14358",4925948820,Burton Ltd,"Sound technician, broadcasting/film/video"
Katherine Young,batesmichael@example.org,"8774 Miller Run Apt. 306, Muellerside, AS 04074",732.544.7678,"Nguyen, Gonzalez and Schultz",Medical physicist
Jason Cochran,randygardner@example.net,"7036 Anita Manor Suite 633, North Markhaven, NH 93188",(490)476-7312x8084,Thompson PLC,"Surveyor, building control"
Kelly Walker,jonathan23@example.net,"4427 Destiny Walks Suite 223, Julietown, SC 76611",273.921.8284,"Wallace, Johnson and Silva",Government social research officer
Kaylee Miller,stephen27@example.net,"25914 Wesley River Apt. 130, Lake Miranda, NM 05791",239-310-1126x01636,"Jordan, Rodriguez and George","Teacher, music"
Amanda Wu,jfoster@example.com,"26898 Smith Meadows Suite 425, Longberg, MA 59881",+1-425-257-1407x733,Bell-Castro,"Administrator, sports"
Diane Brock,jacksonerin@example.org,"399 Chambers Bypass, Nicholasmouth, NJ 12163",(287)471-9709x733,Taylor-Murray,Sub
Michelle Armstrong,tonya12@example.org,"32496 Robert Groves Apt. 586, Youngfort, DE 85767",+1-206-404-2904,Ferguson Inc,Brewing technologist
Melissa Watson,washingtonross@example.com,"835 Williams Ridges, East David, KS 22651",(431)580-1010,Mccall-Floyd,Animal nutritionist
Jessica Braun,randolphjennifer@example.net,"63256 Susan Mill Suite 865, Joshuabury, MA 79674",+1-805-544-6179x718,Dawson-Pham,Water quality scientist
William Combs,jcook@example.org,"PSC 2196, Box 3122, APO AA 95838",001-773-737-6259x230,Stuart-Bryant,"Journalist, newspaper"
Patrick Jackson,casey17@example.com,"973 Bradley Courts, Brookeburgh, NJ 92357",+1-355-375-0211x344,Bryant PLC,"Engineer, mining"
Joseph Huang,natalie46@example.com,"USS King, FPO AA 28410",862-494-3558x1955,Santiago-French,Probation officer
Anna Martinez,castillosusan@example.org,"USS Watson, FPO AE 36469",+1-342-390-6500,Alvarado-Martinez,Fisheries officer
Donna Gardner,jennifergarrison@example.com,"259 Morris Locks Apt. 043, West Donnabury, WA 93012",331-440-7097x0814,"Sweeney, Hamilton and Gordon",Brewing technologist
Michael Hill,samuel98@example.net,"7197 Diaz River, East James, NY 56205",441.935.0975x3304,"Reynolds, Snyder and Norris",Accounting technician
Cynthia Ramirez,ntaylor@example.com,"300 Jenkins Key Apt. 531, Ortizfurt, GU 28497",693-711-2087,Hardin and Sons,Newspaper journalist
Kelli Ortega,morganchristopher@example.org,"8141 Mary Corner, North Davidfurt, NH 56356",566.835.5256x8913,Hartman-Nichols,"Surveyor, minerals"
Patrick Perez,orodriguez@example.net,"64174 Wesley Road, Alvarezshire, TN 74038",(891)850-8962x2922,Nelson LLC,"Surveyor, building"
Matthew Olsen,hendersonjuan@example.net,"Unit 4590 Box 1346, DPO AA 87771",001-487-509-9420,Cross Inc,"Engineer, site"
Sierra Duffy,smitherin@example.com,"PSC 2988, Box 7085, APO AE 15654",588-837-0901,Cruz-Hunter,"Scientist, research (maths)"
Jessica Wilson,michaelbuck@example.org,"PSC 2368, Box 1367, APO AE 15995",+1-250-875-5615x67673,Barrera PLC,Science writer
William Simon,isexton@example.org,"7137 Edwards Roads, Gillport, DC 68404",001-981-917-3938x582,"Huff, Stewart and Lawrence",Mudlogger
Rachel Thompson,murphyjames@example.com,"USNS Weiss, FPO AP 02950",(214)254-9674,Fritz PLC,"Education officer, environmental"
Carlos Mendez,zbrown@example.com,"93624 Bennett Wells Apt. 485, South Kayla, WY 73335",(848)712-2645,"Huerta, Hayden and Barnes",Diagnostic radiographer
Gabrielle Williams,adavis@example.org,"3145 Nelson Ways, Wilsonport, VA 23783",361-931-8876x59192,Grimes and Sons,Diagnostic radiographer
Kimberly Baker,angela84@example.com,"6827 Kristina Valley Suite 108, Stacyshire, NJ 34295",676-566-3450,Dorsey Ltd,"Therapist, drama"
Gary Parker,pstewart@example.net,"47326 David Brooks, Rachelchester, TX 89468",996-336-7848x51368,Norris PLC,Insurance risk surveyor
Jeffrey Hudson,bernarddarin@example.org,"40464 Bates Vista, Armstrongchester, CO 15355",707.809.2643x3718,Chen Ltd,Bonds trader
Courtney Morris,harriswanda@example.net,"1959 Christopher Highway Suite 556, Greenbury, PW 77463",308-569-6270x748,"Rogers, Duarte and Delgado","Designer, furniture"
Chelsea Sampson,josephbowman@example.org,"177 Angel Pines Suite 076, North Tony, LA 14514",(290)922-0538x46331,"Roy, Gilbert and Edwards",Art gallery manager
Teresa Neal,jonesdiane@example.org,"Unit 4460 Box 0836, DPO AP 06305",8248400238,Willis-Sullivan,Learning disability nurse
Robert Jacobson,fsutton@example.org,"201 Sarah Burg, Martinville, WA 03900",+1-854-443-1272x786,Gibson PLC,Building control surveyor
Ryan Wright,whitneyjames@example.org,"4379 Odom Stream Suite 794, Port Michellefurt, FL 28705",281-280-2747x8329,Bishop PLC,"Psychotherapist, child"
Sarah Owen,lpeterson@example.org,"964 Gregory Plains Suite 566, Lake Janet, IL 30959",(496)630-5384,Reeves-Adams,Nutritional therapist
Erin Wiley,forderic@example.net,"676 Gonzalez Centers Suite 218, New Lorihaven, AL 55050",(460)235-6075x311,Stewart Group,Tourism officer
Anthony Miranda,thomaschristopher@example.org,"5079 Megan Parks Suite 397, Lake Scottfort, VT 92562",(542)304-0576x2677,Kerr PLC,Speech and language therapist
Jeanne Edwards MD,owenskristina@example.net,"531 Cathy Mountain Apt. 505, Silvamouth, DE 64870",842.415.6922x887,Bauer-Greer,"Horticulturist, amenity"
Michelle Rodriguez,michelle28@example.com,"46913 Melanie Valleys Apt. 015, South Aprilstad, LA 19742",001-524-687-0445x792,"Reynolds, Stuart and Thomas","Doctor, hospital"
Courtney Lee,youngdebra@example.org,"0830 Mackenzie Roads, Jessicaton, MA 16879",+1-441-719-8994x9705,Orozco-Boyd,Chief Executive Officer
Holly Smith,kelseyerickson@example.com,"0307 Steven Common, Aaronchester, AL 31972",454-491-5824x2551,Garcia-Yang,Hydrologist
Jennifer Allen,andrew05@example.org,"USNS Davis, FPO AE 07975",(818)575-4365x019,Williams-Williamson,Research scientist (medical)
Kristin Silva,elizabeth35@example.com,"41057 Kelly Mill, North Christine, MH 32449",(666)493-6861x8893,"Espinoza, Brooks and Baker","Solicitor, Scotland"
John Nelson,colleen68@example.net,"1231 Wolfe Stravenue, Gabrielside, IA 39633",+1-815-538-7536x4395,Burns-Davenport,"Psychologist, educational"
Dr. Patricia Armstrong,kathleenreynolds@example.com,"51304 Hughes Junctions, East Stevenfurt, RI 02184",001-629-631-7505x57587,Garcia-Mejia,Prison officer
Emily Reilly,haleydonald@example.com,"992 Antonio Lake, Lake Vincent, ME 26390",(607)645-9059x61317,"Lawrence, Morris and Anderson","Lecturer, higher education"
Billy Martin,tpham@example.org,"67465 Derrick Parkways, Andrealand, PW 14616",+1-311-352-1046x8728,"Jensen, Baldwin and Nash",Leisure centre manager
Matthew Pineda,christopher56@example.org,"5009 Daniel Gateway Suite 692, East Angelica, NY 46626",816-402-1466x42466,Miller Group,Financial risk analyst
Kenneth White,rileymary@example.org,"6204 Willis Drive Suite 871, Henryberg, IL 50218",+1-594-242-0903x055,Lawson Group,Farm manager
Julie Brown,williamsonclaudia@example.com,"22856 Caldwell Manor, Longfurt, CA 79523",(383)235-2598x38325,Anderson Group,Biomedical engineer
Corey Anderson,crosales@example.net,"3617 Shawna Ridges, North Mary, UT 56969",(761)278-8924x3523,Livingston Group,"Designer, industrial/product"
Thomas Sanders,tdelgado@example.org,"7684 Lisa Ramp Suite 406, East Alexanderberg, MI 26839",001-978-733-2856x92079,"Clark, Keller and Evans",Geophysicist/field seismologist
Andrew Williams,miguellopez@example.net,"1871 Mary Spurs Suite 785, Melodychester, DE 39017",875.696.9159,"Nolan, Brown and Whitehead","Surveyor, rural practice"
Jamie Robinson,jacksonfrank@example.net,"566 David Hills Suite 679, Murphyland, MH 78864",731-591-7529,Morales PLC,Optometrist
Julie Haynes,traciduncan@example.org,"34021 Kent Ridge Apt. 160, East Kyle, CA 13479",851.788.3991,Hill-Baker,Herbalist
Brittany Cunningham,wardlisa@example.com,"32163 Perez Heights Apt. 022, Lake Jenniferbury, ID 17227",+1-541-925-8821x723,Chapman-Cooper,"Psychologist, sport and exercise"
Thomas Morgan,melissa59@example.net,"0826 Donna Stream, East Markport, AS 81328",986-887-1260x185,"Kennedy, Newton and Moore",Operational investment banker
Brandi Drake,stacey25@example.net,"2665 Nelson Heights, Deckerview, MI 31758",9878939064,"Gomez, Smith and Garcia",Osteopath
Maurice Hill,meganramos@example.org,"PSC 4676, Box 2629, APO AP 84618",+1-649-943-2904x2418,Briggs Inc,"Designer, textile"
Jeffery Bowman,bookertravis@example.net,"776 Callahan Mountain, West James, IA 38617",+1-698-284-4755x73204,Hampton PLC,Personnel officer
Dominique Wilcox,estestammy@example.net,"2676 Crane Land Suite 835, New Connie, VA 51877",948-396-1116x5372,Douglas-Garcia,Plant breeder/geneticist
Carla Kim,michael60@example.org,"589 Pineda Divide Apt. 961, South Sharon, HI 54927",001-600-528-9124,Decker Inc,Primary school teacher
Victoria Torres,jcollins@example.com,"66468 Patterson Keys Suite 377, Lake Dianeberg, MH 91715",204.425.8316x4083,Franklin Inc,Logistics and distribution manager
Paul Bauer,tbarajas@example.com,"093 Cory Stream, Michaelbury, CO 14096",602-677-1972,Thompson-Miller,Chief Marketing Officer
Elizabeth Villegas,jennifer00@example.com,"814 Daniel Branch, West Danielle, ND 92614",624-833-8086,"Perez, Pearson and Kelley",International aid/development worker
Rachel Allen,matthew03@example.com,"46959 Jeffrey Lodge Apt. 924, Lake Anthonyfurt, VI 75796",001-783-204-2994x0749,"Hernandez, Smith and Turner",Cytogeneticist
Cassandra Wolf,ijenkins@example.org,"183 David Port, North Garyshire, NM 96888",545.354.0922x730,Cook-Lawson,Health service manager
Jesse Medina,johnsonrandy@example.net,"55132 Sharon Lodge Suite 842, Jimenezchester, GA 28511",+1-652-746-3845x33351,Malone-Fox,"Civil engineer, consulting"
Jennifer Marquez,rhondarichards@example.org,"4962 Kathleen Via Suite 135, Marcview, PW 99846",(252)398-7026,"Daugherty, Dudley and Foster",Writer
Jacqueline Smith,daniel87@example.com,"329 Amy Motorway, Port Douglas, MS 39814",662-772-0724x206,Nelson and Sons,Adult guidance worker
Eric Rodriguez,melissajones@example.org,"14423 Sheena Unions, Martinezfurt, MA 38055",+1-984-542-2305x1561,"Patterson, Martinez and Valencia",Holiday representative
John Bradley,hornedanielle@example.com,"107 Ashley Mill Suite 911, Bennettberg, TX 17835",3895363660,"Black, Young and Norton",IT technical support officer
Hector Williams,melissamccall@example.org,"38053 Kevin Inlet, Jameston, TN 29634",+1-979-749-8093x93012,Daniels-White,Chiropractor
Scott Santiago,blackdavid@example.org,"USNV Cobb, FPO AA 66887",906.501.1650x3311,Jones PLC,Dancer
Becky Duran,steven94@example.org,"515 Joseph Well, South Kristinland, MN 85448",(641)242-5239x527,Kirk-Jackson,Art gallery manager
Michael Cantrell,tiffany99@example.com,"54879 Aaron Haven Suite 081, Chavezhaven, MH 69836",(284)827-3938x4729,"Armstrong, Matthews and Faulkner",Ceramics designer
Samuel Campbell,berryjoy@example.net,"8043 Barbara Crossroad, Smithville, TX 48905",432-632-3438x42180,"Miller, Webster and Rivera",Television floor manager
Joshua Anderson,kristenstevens@example.com,"8790 Gonzalez Pines, Phillipbury, SD 62236",787.500.5456x1290,"Burns, Brown and Mercado",Retail buyer
Ashley Romero,susan89@example.com,"7659 Dunlap Ranch Apt. 955, Stanleytown, MN 29896",877.789.1842x1617,Weiss LLC,Special effects artist
Jessica Mccann,walljennifer@example.com,"2408 Bradley Mountain, Erikburgh, MO 00952",+1-601-583-5399x709,Dalton-Obrien,"Scientist, forensic"
Mary Washington,westglenn@example.org,"842 Kari Plaza Suite 935, Kelleyside, NH 68845",664.378.2554x67805,Lam Inc,Electrical engineer
Debra Lynch,aaron90@example.com,"751 Joshua Terrace Apt. 572, Karaborough, PR 01884",935.350.3761,"Martinez, Martinez and Walker",Magazine features editor
Cory Diaz,jennifer16@example.org,"3206 Leach Circle, Lake Joefurt, RI 26654",001-599-939-7784,"Alvarado, Obrien and Allen",Multimedia programmer
Elizabeth Cummings,whitekent@example.net,"095 Amanda Points Suite 594, Samuelborough, AS 07235",845.453.4800x8131,Rocha and Sons,Editorial assistant
Kevin Jackson,elizabethmoore@example.net,"586 Rowe Crossroad, Lake Deniseborough, ID 92089",407-978-2631x12234,Hernandez Ltd,"Surveyor, planning and development"
Heidi Austin,richard27@example.net,"1416 Jones Crossroad, Bradshawbury, ME 80810",497.813.0378x76191,Ibarra-Palmer,Risk analyst
John Palmer,evansjared@example.com,"789 Ford Tunnel, Hillside, OH 56421",(535)600-7909,Roth-Avila,"Surveyor, hydrographic"
Kelly Brown,roconnor@example.com,"7410 Smith Well Suite 044, Blackwellbury, MS 04646",001-201-273-6864x7434,"Stone, Branch and Mason",Lexicographer
Anne Martinez MD,jacob36@example.org,"6703 Julie Park, Zimmermanbury, NY 55851",(268)675-4084x0069,Levy and Sons,Advertising art director
Robert Berger,bryanescobar@example.org,"221 William Place, Joshuahaven, MN 76740",001-383-750-8576,Shannon-Miller,Network engineer
Christopher Singh,stephaniesaunders@example.org,"672 Barrera Vista, Michaelview, NY 91707",+1-628-329-9684x03470,Kennedy-Grimes,Nature conservation officer
Timothy Ward,ifoster@example.org,"266 Curtis Freeway Apt. 260, West Jacobstad, ME 58457",540.576.0423,Bennett-King,Insurance broker
Anthony Jackson,richardallen@example.com,"77981 Smith Fort, Lake Hannah, PA 93696",361.486.9073x31866,"Wilson, Maxwell and Campos","Engineer, mining"
Stacy Fields,robertgreen@example.com,"52746 Monroe Vista, Matthewsmouth, AK 74038",+1-920-984-0369,Meyer-Palmer,"Programmer, applications"
Kelly Yoder,michaelmccoy@example.com,"020 Kaitlyn Corners, New Sarabury, ME 73971",4954397263,"Proctor, Snyder and Adams",Clinical research associate
Sherry Gardner,halljoseph@example.com,"31648 Terry Rapids, Rossborough, MO 33910",(844)393-9617x443,Calderon PLC,Interpreter
David Jones,andrew32@example.org,"32481 David Island Suite 546, West Lisa, WY 35124",001-931-519-9674x105,"Parsons, Moore and Park",Web designer
Jill Carpenter,joseph56@example.net,"100 Terrell Isle Suite 446, New Phillip, AL 61148",(966)905-3030x37097,Reed-Young,Radiation protection practitioner
Christopher Lopez DDS,currytammy@example.net,"047 Robert Knoll Suite 699, Mariahtown, GU 85099",+1-445-569-5297x6208,"Morgan, Rodriguez and Perry","Scientist, research (life sciences)"
Rebecca Navarro,anthonyellis@example.org,"701 Gonzalez Ridges, South Jerry, WA 73937",7959602156,Jones LLC,Commissioning editor
Stephen Day,shannonhughes@example.com,"591 Benjamin Way Apt. 613, South Carla, DE 82567",559-615-7122,"Hernandez, Bishop and Campbell",Administrator
Jessica Thompson,tammycampbell@example.org,"0250 Sherri Mountain, Wrightburgh, MI 50760",924-708-6637x8112,Johnson-Brown,English as a foreign language teacher
Justin Hall,davidgibson@example.com,"217 Hardy Street Apt. 829, New Eric, FM 74208",564.266.6250,"Oconnor, Bright and Marshall","Psychologist, sport and exercise"
Lauren Parker,tgeorge@example.org,"1923 Lawrence Rest, Matthewberg, SD 99092",001-657-529-3486x742,Brown-Lawrence,Field trials officer
Michael Smith,amy73@example.net,"31238 Matthew Mall Suite 327, Vasquezchester, OR 99560",627.962.6884x495,Alexander LLC,Publishing copy
Amy Sanchez,jessicaturner@example.org,"657 Jessica Stravenue Apt. 747, Scottton, MH 27746",(539)851-8048,Garrison-Douglas,Charity officer
Adam Young,jose06@example.net,"281 Bauer Estate, Port Jared, NC 27070",663-361-7855x4192,Ortiz-Rodriguez,Patent attorney
Shane Hicks,christinagallegos@example.com,"16487 Margaret Ridge Apt. 258, North Mitchell, NH 63587",+1-258-984-7816x80210,"Hartman, Brown and Wallace","Teacher, English as a foreign language"
Robert Robinson,mjarvis@example.net,"17243 Russell Ville Suite 996, South Karaport, KY 42181",(966)364-8255x368,"Warren, Parker and Smith",Tour manager
Angela Harris,uflores@example.net,"726 Amanda Field Suite 584, North Garrett, DE 76085",001-484-483-9522x37297,"Taylor, Johnson and Williams","Nurse, adult"
Destiny Crawford,xcook@example.org,"349 Chad Extensions, Justinview, AR 33286",454-390-7145,Black-Martinez,Youth worker
Barbara Leon,karen74@example.org,"6763 Hickman Stream, Lydiaside, GA 11514",905.304.3249,Johnson-Horn,Solicitor
Michael Neal,nathanwong@example.org,"472 Hudson Way, Johnville, CO 45360",268-361-1434x771,Edwards and Sons,"Designer, blown glass/stained glass"
Eric Waters,zcastillo@example.net,"400 Kim Divide Suite 268, South Luisberg, PA 03223",001-993-890-9785,Stuart Group,Information officer
Samantha Harper,ilin@example.com,"613 Patrick Greens Apt. 351, Port Krystalville, VA 50016",001-855-437-6732x33591,"Adams, Wilkerson and Reid",International aid/development worker
Jennifer Roberts,rmurphy@example.org,"78497 Danielle Mountains Apt. 819, Scotttown, MO 32834",238-483-4592,"Morgan, Lopez and Duncan",Sales promotion account executive
Maria Smith,lisa56@example.org,"USNS Collins, FPO AP 37396",(329)812-3523x870,Salinas Group,IT sales professional
Mary Lin,amandamorales@example.org,"7005 Cunningham Trail Apt. 910, East Christopherfurt, MH 41357",551.713.1006x153,"Cross, Franklin and Francis",Paramedic
Jennifer Petersen,nicole26@example.org,"33922 Crawford Drive, South Jefferyton, UT 74658",950-555-6683x37852,"Carr, Russell and Chen",Gaffer
Kim Lindsey,jamesharris@example.com,"82185 Davis Garden Suite 112, Lake Robert, DC 30770",(737)621-4235,"Henderson, Cummings and Kennedy",Video editor
Kayla Howard,jason21@example.org,"96292 Hughes Fields Apt. 760, West Sarahberg, MN 08695",644-757-2990,Washington-Carter,Magazine journalist
Kaitlyn Lyons,ywilson@example.com,"5160 Sims Brooks, New Ryan, MT 45145",5405335547,Moore Group,Archaeologist
Jennifer Hoover,hdaniels@example.org,"464 Dean Valleys, South Johnshire, IL 02874",(455)986-8932x4692,Page-Brown,"Lighting technician, broadcasting/film/video"
James Chan,mharrington@example.com,"729 Stone Street, New Garrettview, MA 26923",+1-520-638-5132x27946,"Adams, Cook and Mendoza",Insurance account manager
Lawrence Rodriguez,emilypoole@example.org,"USNV Williams, FPO AP 78887",+1-511-932-6619x8072,Jenkins LLC,Cartographer
Taylor Mills,zwilliams@example.com,"865 Smith Plain Apt. 285, Margaretside, HI 45741",(879)230-3692x219,"Wright, Blair and Mullins",Primary school teacher
Deborah Garcia,mary74@example.org,"29551 Morales Course, Kimberlyland, MI 82356",001-964-374-3762x230,Woods Group,Media buyer
Gary Sanders,james46@example.net,"06605 Paul Circle, South Reginald, AL 54553",001-611-888-3762x9598,"Chambers, Shea and Gonzalez",Lexicographer
Jennifer Coleman,stonejessica@example.org,"638 Tricia Radial, Saraport, SD 79961",750-687-1994x816,Brown-Davidson,Geophysical data processor
Justin Simmons,justinbolton@example.org,"23559 Macdonald Greens, South Caleb, PW 17207",(898)954-9588x185,Wilson-Cain,Media planner
Jessica Green,jeanettehenry@example.com,"244 Stephen Oval, Shelleyside, MH 43548",(859)283-9055,Benson PLC,Financial adviser
Todd Ross,vtorres@example.net,"4046 Tyler Plaza Suite 347, Lake Ryanchester, NC 62861",+1-654-304-1706x011,Mitchell Ltd,Learning mentor
Shane Young,robertcooper@example.com,"028 Oconnor Way, Lake Ethanborough, KY 96139",772.871.4920,Heath LLC,Print production planner
Sara Porter,wattslisa@example.net,"40244 Harris Terrace, Warrenville, NM 62028",394-705-9170,Bailey-Lin,"Psychologist, clinical"
Rebecca Day,kruegerricardo@example.com,"4067 Jessica Mills Apt. 190, Cynthiamouth, MN 93166",739.554.7384x5292,"Bailey, Moore and Sanchez",Clinical cytogeneticist
Nicole Mendoza,hillmichelle@example.org,"339 Mahoney Parks, Peggychester, MI 92158",+1-726-730-9947,Petersen-Williamson,"Administrator, arts"
Tim Stevens,jacksonmichelle@example.net,"776 Boyer Summit Suite 768, Caldwelltown, ND 06659",270-208-0028,Ramirez PLC,Probation officer
Jennifer Schultz,williamsdiane@example.net,"83023 Ayers Drive, Smithbury, CT 19077",(654)507-4001,Davis-Jones,Operations geologist
Danielle Cox,bbishop@example.com,"0841 Oconnor Shores Suite 290, Port Evan, CA 18774",+1-401-516-9430x52253,"Chan, Michael and Jones",Hydrologist
John Davidson,williamsamanda@example.org,"9040 Thompson Shoal, Tuckerchester, AR 69006",001-455-488-3347x885,Guerrero Ltd,Speech and language therapist
Heather Young,aaron02@example.org,"238 Bryan Brooks Apt. 897, Port Brett, NM 74091",+1-500-554-2609x562,Thomas PLC,Television/film/video producer
Adam Bishop,gabriela50@example.net,"3934 Stephanie Well, North Adamstad, PR 23267",506.766.9550x16709,Hill-Smith,"Designer, blown glass/stained glass"
Angela Acosta,hnoble@example.org,"01386 Tammy Square Suite 506, Mooreville, IL 00705",641.358.4927,"Simmons, Curry and Pierce","Scientist, clinical (histocompatibility and immunogenetics)"
Dominique Mccoy,wwilliams@example.com,"19094 Nunez Divide Suite 157, New Amy, IL 46558",802-701-2424,Butler Ltd,"Production assistant, radio"
Jennifer Long,gallegosjoshua@example.com,"PSC 2308, Box 5981, APO AA 95969",831-228-4938,Gutierrez-Frost,Water quality scientist
Nathaniel Cole,elee@example.org,"85439 Michael Parkways Apt. 799, Josephland, IN 85209",451.236.4699,"Lynch, Patton and Turner",Food technologist
Jamie Henry,brooksmiranda@example.org,"5425 Pamela Walk Suite 964, Port Samantha, AR 71435",(853)761-9822x8362,"Warren, Mercado and Hernandez",Trade mark attorney
Ashley Tapia,joshua76@example.org,"PSC 9693, Box 8270, APO AP 40588",4417215416,"Lee, Hansen and Shah",Futures trader
Angela Santiago,amber19@example.com,"90297 Monica Trail, East Angelamouth, WV 18728",2845574721,White-Todd,Health and safety inspector
Dean Wells,martinezkevin@example.net,"25157 Sanders Streets, Lake Arianachester, LA 75592",214-935-3142,Morgan PLC,Teaching laboratory technician
Michael Brown,lindsey23@example.com,"379 Petersen Isle, Lake Troy, MH 58979",425-704-7192x2260,Martin LLC,Lexicographer
Joanne Lawrence,mhunter@example.com,"5753 Diane Manor Suite 235, North Zacharyshire, ME 60321",930.688.5375,Scott LLC,"Designer, ceramics/pottery"
William Tyler,freemangabrielle@example.org,"19909 Sarah Courts, Longbury, RI 97722",454.445.3280x979,Sellers-Frye,"Education officer, environmental"
Jessica Nash,ryanknight@example.net,"011 Teresa Freeway, East Erikstad, DC 36394",5404043222,Bell-Bryan,"Producer, radio"
Richard Foster,vsmith@example.org,"102 Deanna Ports, West Leslieport, IL 56381",721.778.8780x178,Lawrence-Daniel,Heritage manager
Stacey Rogers,gilmorechristopher@example.org,"Unit 8705 Box 7392, DPO AE 76947",(816)600-6787,"Myers, Martinez and Myers",Learning disability nurse
Jonathan Hardy,jessewilliams@example.net,"72877 Smith View Suite 125, Lake Deanmouth, MP 65119",001-606-571-7024x96288,Nelson-Greene,"Biochemist, clinical"
Victor Cruz,gloria51@example.com,"395 Edwin Flat, Hunterstad, VI 61239",395.914.5951,"Flores, Lambert and Jones",Technical sales engineer
Teresa Edwards,simpsonjeffery@example.net,"9957 Diaz Falls, Wellston, GA 03215",699-279-7789,Brooks Group,Environmental education officer
Laura Huff,hjohnson@example.net,"Unit 6323 Box 9552, DPO AP 99369",001-348-275-3329x745,Hernandez-Fowler,Therapeutic radiographer
Trevor Adkins,aliciasmith@example.com,"64461 Martinez Wall Suite 556, South Donna, CT 81851",001-388-221-9375x466,Willis-Tucker,Psychiatric nurse
Joseph Wells,tferguson@example.org,"9514 Diane Plaza, South Bryanton, CT 77155",+1-562-491-3936,Wang Inc,Broadcast engineer
Crystal Contreras,hodgesmadeline@example.com,"368 Annette Lights Apt. 766, Curtisbury, MN 58847",536-219-8805x72435,Sanford-Greene,"Lighting technician, broadcasting/film/video"
Kevin Robinson,andersonjames@example.net,"7641 Johnston Shores Suite 460, North Joseph, AS 62573",(900)716-3279x8882,Ford-Weber,"Engineer, control and instrumentation"
Jesus Carson,alvarezjeffrey@example.net,"337 Brown Inlet, North Paul, MS 86472",001-687-670-5949,"Johnson, Harris and Stewart",Health promotion specialist
Elizabeth Wilson,yandrews@example.net,"78368 Hoffman Manors Suite 012, North Michaeltown, MS 24898",+1-857-377-6591x170,"Reed, Roberts and Kirby",Broadcast engineer
Christopher Nielsen,hduncan@example.net,"466 Kennedy Spur, Janetborough, MI 96580",517-642-9348x627,Sellers-Ibarra,"Engineer, electrical"
Jesse Davis,karenpeterson@example.org,"4365 Ryan Turnpike, Billymouth, VA 89670",846-523-4348,Copeland-Jones,Occupational therapist
Connor Welch,bakerjesse@example.net,"5437 James Meadows, East Barbara, OK 81705",7956373951,"Martinez, Mills and Dominguez","Nurse, adult"
Brittney Miller,lisa04@example.org,"163 Joseph Plain Suite 861, Lake Louis, RI 63270",(843)203-0809,Friedman-Thompson,Mechanical engineer
Samantha Rodriguez,rgreer@example.net,"2923 Shawn Ways Apt. 874, South Jeanette, VT 65556",(549)978-2315x99508,"Graham, Lowe and Reyes",Fitness centre manager
Mrs. Andrea Farrell,riverajennifer@example.net,"2283 Alexander Lake, Allisonchester, IA 13219",203.924.9115x0435,Richardson Ltd,Operational investment banker
Paige Wilson,ashley73@example.net,"081 Charles Junctions, Lake Karen, NC 24839",001-411-502-2383x30782,Grant-Smith,"Journalist, broadcasting"
Tara Moore,ztaylor@example.net,"399 Boone Way, Kramerland, AK 12409",(969)733-3904x4596,"Mckinney, Nguyen and Clark",Statistician
Jill Wright,dclay@example.com,"98437 Linda Summit, Richardmouth, AR 37161",983-749-6036,"Ryan, Williamson and James",Maintenance engineer
Jerry Newman,xlloyd@example.net,"88527 Long Path, East Austinport, CO 25187",+1-387-319-6292x6314,"Edwards, Calhoun and Carson",Chief Technology Officer
Nicholas Baker,morganrobert@example.com,"87849 Wilson Squares Suite 534, Lewisburgh, AZ 24965",360.983.3334x9794,Nguyen-Bell,Camera operator
Scott Gutierrez,kimmorgan@example.org,"854 Whitney Mill, New Katie, CA 61270",2269035724,"Cox, Evans and Zuniga",Field trials officer
Holly Carter,montoyaashley@example.com,"577 Lucas Glens, Molinamouth, MO 58701",+1-650-647-1848x5035,Baker-Bennett,Special effects artist
Stephanie Fuentes,slee@example.org,"43832 Alfred Hills, Floydmouth, AS 74279",001-871-487-5824x0686,"Guerra, Lopez and Gomez",Press photographer
Jesse Boyd,brandyharris@example.org,"8908 Bailey Glens Apt. 440, North Kelli, MO 22098",903-831-4776,Young-White,Fine artist
Michael Oconnor,kevincox@example.org,"88058 Green Vista, West Scottview, SC 92573",568.642.6047x602,Williams Inc,Child psychotherapist
Crystal Rose,mercadowilliam@example.com,"3907 Petty Mills Suite 927, East Chasefurt, MO 10836",916-996-8941x123,"Maddox, Howard and Mcintosh",Agricultural engineer
Jason Yoder,cantrellrachel@example.com,"68458 Julia Stream Apt. 667, Ianhaven, NY 15930",852-371-5059x4922,"Ryan, Hall and Griffith",Accommodation manager
Marcus Smith,davidmendoza@example.org,"9866 Baker Track Suite 615, East Darrylburgh, MS 19656",9312321375,Horton Ltd,"Therapist, occupational"
Christopher Andrade,victoriaproctor@example.net,"8884 Miller Mount Apt. 285, North Jamie, CO 95934",221.800.3547x5517,Baker-Mathews,Graphic designer
John Flores,woodstyler@example.net,"PSC 9567, Box 3439, APO AE 69875",672.469.7431,Adams-Ellis,Further education lecturer
Brandon Baxter,tiffany54@example.org,"180 Fuller Path Suite 078, Sarahaven, WV 13417",001-892-622-5857x81376,Wright and Sons,Company secretary
William Randall,yjackson@example.org,"6748 Sharp Lakes Apt. 098, Rosarioborough, AS 05847",(575)346-5868,"Williams, Fisher and Powell",Drilling engineer
Mrs. Deanna Barnett MD,aliciamckay@example.net,"99559 Mcmahon Dale Suite 226, New Adriennestad, MS 59879",+1-735-775-2093x30258,"Steele, Harris and Parker",Exercise physiologist
Karen Hoffman,monica57@example.com,"44966 Maria Summit Suite 923, Phillipsberg, NJ 38353",001-763-936-5071,"Jackson, Haynes and Collins",Photographer
Philip Brady,erica71@example.org,"Unit 6938 Box 9518, DPO AP 46319",255.308.9063,Martin and Sons,Environmental manager
Anita King,paige66@example.org,"262 Wade Forks, Deniseburgh, MS 62623",610.716.3764,Chen-Davis,Psychotherapist
Dennis Nicholson,andreamason@example.com,"1224 Diaz Field, Tylerville, ND 71740",+1-821-217-8129x68221,"Meyer, Harrison and Horne",Optometrist
Robert Wilson,xford@example.com,"3834 Molina Roads Suite 633, Thomashaven, CO 61315",703.814.2072,Miller-Brown,Health visitor
